Workbook

Sheet Summary
A1: Interferometer rig: first sensor test (28 Oct 2026)
A3: Inputs
A4: Counts per g (ADXL345) | B4: 256 | C4: ADXL345 full-resolution nominal sensitivity, 3.9 mg/LSB (Analog Devices datasheet). Real boards vary by about 10%.
A5: Sample interval (s) | B5: 0.05 | C5: From delay(50) in rig_plot.ino. Approximate: actual spacing is slightly longer because of read time.
A8: Run statistics
A9: Channel | B9: Room light mean | C9: Room light std dev | D9: Covered mean | E9: Covered std dev
A10: floorX | B10: =AVERAGE('Room light'!C5:C20) -> -77.875 | C10: =STDEV('Room light'!C5:C20) -> 0.61913919 | D10: =AVERAGE(Covered!C5:C32) -> -78 | E10: =STDEV(Covered!C5:C32) -> 0.47140452
A11: floorY | B11: =AVERAGE('Room light'!D5:D20) -> 203.25 | C11: =STDEV('Room light'!D5:D20) -> 0.68313005 | D11: =AVERAGE(Covered!D5:D32) -> 202.82143 | E11: =STDEV(Covered!D5:D32) -> 0.61183219
A12: floorZ | B12: =AVERAGE('Room light'!E5:E20) -> -83 | C12: =STDEV('Room light'!E5:E20) -> 1.1547005 | D12: =AVERAGE(Covered!E5:E32) -> -83.571429 | E12: =STDEV(Covered!E5:E32) -> 1.069045
A13: plateX | B13: =AVERAGE('Room light'!F5:F20) -> -226.3125 | C13: =STDEV('Room light'!F5:F20) -> 0.70415434 | D13: =AVERAGE(Covered!F5:F32) -> -225 | E13: =STDEV(Covered!F5:F32) -> 0.7200823
A14: plateY | B14: =AVERAGE('Room light'!G5:G20) -> 35.75 | C14: =STDEV('Room light'!G5:G20) -> 0.4472136 | D14: =AVERAGE(Covered!G5:G32) -> 36.25 | E14: =STDEV(Covered!G5:G32) -> 0.64549722
A15: plateZ | B15: =AVERAGE('Room light'!H5:H20) -> -145.75 | C15: =STDEV('Room light'!H5:H20) -> 0.77459667 | D15: =AVERAGE(Covered!H5:H32) -> -147.85714 | E15: =STDEV(Covered!H5:H32) -> 0.80343179
A16: fringe (A0) | B16: =AVERAGE('Room light'!I5:I20) -> 18.875 | C16: =STDEV('Room light'!I5:I20) -> 0.5 | D16: =AVERAGE(Covered!I5:I32) -> 0.071428571 | E16: =STDEV(Covered!I5:I32) -> 0.26226526
A17: reference (A1) | B17: =AVERAGE('Room light'!J5:J20) -> 13.8125 | C17: =STDEV('Room light'!J5:J20) -> 0.54390563 | D17: =AVERAGE(Covered!J5:J32) -> 0 | E17: =STDEV(Covered!J5:J32) -> 0
A18: floor |a| (g) | B18: =AVERAGE('Room light'!K5:K20) -> 0.90996148 | C18: =STDEV('Room light'!K5:K20) -> 0.002415192 | D18: =AVERAGE(Covered!K5:K32) -> 0.90945948 | E18: =STDEV(Covered!K5:K32) -> 0.0027636256
A19: plate |a| (g) | B19: =AVERAGE('Room light'!L5:L20) -> 1.0607384 | C19: =STDEV('Room light'!L5:L20) -> 0.0036363089 | D19: =AVERAGE(Covered!L5:L32) -> 1.0611922 | E19: =STDEV(Covered!L5:L32) -> 0.0023309021
A21: Notes
A22: - Both sensors standing on edge on the desk, untouched, during both runs.
A23: - Std dev of 1 to 2 counts on each axis is the ADXL345 noise floor at rest.
A24: - Total acceleration near 1 g on both sensors confirms they read gravity correctly.
A25: - Covered run: photodiodes read 0 to 1, so there is no dark offset.
A26: - Torch test was done but not recorded. Record it next time for the full response check.
A27: - Each run is under 2 s at about 20 samples/s. Too slow and short for vibration analysis; a faster logger is needed for that.

Sheet Room light
A1: Room light run, raw counts
A2: Source: Serial Monitor output pasted by Alex, rig_plot.ino. Blue = recorded data, black = formulas.
A4: Sample | B4: Time (s) | C4: floorX | D4: floorY | E4: floorZ | F4: plateX | G4: plateY | H4: plateZ | I4: fringe (A0) | J4: reference (A1) | K4: floor |a| (g) | L4: plate |a| (g)
A5: 1 | B5: =(A5-1)*Summary!$B$5 -> 0 | C5: -77 | D5: 204 | E5: -83 | F5: -226 | G5: 36 | H5: -145 | I5: 18 | J5: 13 | K5: =SQRT(C5^2+D5^2+E5^2)/Summary!$B$4 -> 0.9113709 | L5: =SQRT(F5^2+G5^2+H5^2)/Summary!$B$4 -> 1.0582766
A6: 2 | B6: =(A6-1)*Summary!$B$5 -> 0.05 | C6: -78 | D6: 203 | E6: -85 | F6: -227 | G6: 36 | H6: -146 | I6: 19 | J6: 14 | K6: =SQRT(C6^2+D6^2+E6^2)/Summary!$B$4 -> 0.91207382 | L6: =SQRT(F6^2+G6^2+H6^2)/Summary!$B$4 -> 1.0636268
A7: 3 | B7: =(A7-1)*Summary!$B$5 -> 0.1 | C7: -78 | D7: 203 | E7: -81 | F7: -226 | G7: 36 | H7: -145 | I7: 19 | J7: 14 | K7: =SQRT(C7^2+D7^2+E7^2)/Summary!$B$4 -> 0.90650252 | L7: =SQRT(F7^2+G7^2+H7^2)/Summary!$B$4 -> 1.0582766
A8: 4 | B8: =(A8-1)*Summary!$B$5 -> 0.15 | C8: -78 | D8: 203 | E8: -82 | F8: -226 | G8: 36 | H8: -145 | I8: 19 | J8: 13 | K8: =SQRT(C8^2+D8^2+E8^2)/Summary!$B$4 -> 0.90787334 | L8: =SQRT(F8^2+G8^2+H8^2)/Summary!$B$4 -> 1.0582766
A9: 5 | B9: =(A9-1)*Summary!$B$5 -> 0.2 | C9: -78 | D9: 204 | E9: -83 | F9: -226 | G9: 36 | H9: -146 | I9: 19 | J9: 14 | K9: =SQRT(C9^2+D9^2+E9^2)/Summary!$B$4 -> 0.91266754 | L9: =SQRT(F9^2+G9^2+H9^2)/Summary!$B$4 -> 1.0603724
A10: 6 | B10: =(A10-1)*Summary!$B$5 -> 0.25 | C10: -79 | D10: 204 | E10: -81 | F10: -227 | G10: 36 | H10: -146 | I10: 18 | J10: 13 | K10: =SQRT(C10^2+D10^2+E10^2)/Summary!$B$4 -> 0.91123695 | L10: =SQRT(F10^2+G10^2+H10^2)/Summary!$B$4 -> 1.0636268
A11: 7 | B11: =(A11-1)*Summary!$B$5 -> 0.3 | C11: -78 | D11: 203 | E11: -82 | F11: -227 | G11: 36 | H11: -147 | I11: 19 | J11: 14 | K11: =SQRT(C11^2+D11^2+E11^2)/Summary!$B$4 -> 0.90787334 | L11: =SQRT(F11^2+G11^2+H11^2)/Summary!$B$4 -> 1.0657264
A12: 8 | B12: =(A12-1)*Summary!$B$5 -> 0.35 | C12: -78 | D12: 204 | E12: -82 | F12: -226 | G12: 36 | H12: -145 | I12: 19 | J12: 14 | K12: =SQRT(C12^2+D12^2+E12^2)/Summary!$B$4 -> 0.91128719 | L12: =SQRT(F12^2+G12^2+H12^2)/Summary!$B$4 -> 1.0582766
A13: 9 | B13: =(A13-1)*Summary!$B$5 -> 0.4 | C13: -78 | D13: 203 | E13: -84 | F13: -226 | G13: 36 | H13: -146 | I13: 19 | J13: 14 | K13: =SQRT(C13^2+D13^2+E13^2)/Summary!$B$4 -> 0.91065906 | L13: =SQRT(F13^2+G13^2+H13^2)/Summary!$B$4 -> 1.0603724
A14: 10 | B14: =(A14-1)*Summary!$B$5 -> 0.45 | C14: -78 | D14: 204 | E14: -84 | F14: -226 | G14: 35 | H14: -146 | I14: 19 | J14: 14 | K14: =SQRT(C14^2+D14^2+E14^2)/Summary!$B$4 -> 0.9140625 | L14: =SQRT(F14^2+G14^2+H14^2)/Summary!$B$4 -> 1.0598614
A15: 11 | B15: =(A15-1)*Summary!$B$5 -> 0.5 | C15: -77 | D15: 202 | E15: -84 | F15: -228 | G15: 36 | H15: -147 | I15: 19 | J15: 14 | K15: =SQRT(C15^2+D15^2+E15^2)/Summary!$B$4 -> 0.9059553 | L15: =SQRT(F15^2+G15^2+H15^2)/Summary!$B$4 -> 1.0689787
A16: 12 | B16: =(A16-1)*Summary!$B$5 -> 0.55 | C16: -77 | D16: 203 | E16: -84 | F16: -225 | G16: 35 | H16: -145 | I16: 19 | J16: 13 | K16: =SQRT(C16^2+D16^2+E16^2)/Summary!$B$4 -> 0.90935956 | L16: =SQRT(F16^2+G16^2+H16^2)/Summary!$B$4 -> 1.0545066
... A20: 16 | B20: =(A20-1)*Summary!$B$5 -> 0.75 | C20: -78 | D20: 203 | E20: -83 | F20: -227 | G20: 36 | H20: -146 | I20: 19 | J20: 14 | K20: =SQRT(C20^2+D20^2+E20^2)/Summary!$B$4 -> 0.90925888 | L20: =SQRT(F20^2+G20^2+H20^2)/Summary!$B$4 -> 1.0636268

Sheet Covered
A1: Covered run, raw counts
A2: Source: Serial Monitor output pasted by Alex, rig_plot.ino. Blue = recorded data, black = formulas.
A4: Sample | B4: Time (s) | C4: floorX | D4: floorY | E4: floorZ | F4: plateX | G4: plateY | H4: plateZ | I4: fringe (A0) | J4: reference (A1) | K4: floor |a| (g) | L4: plate |a| (g)
A5: 1 | B5: =(A5-1)*Summary!$B$5 -> 0 | C5: -78 | D5: 202 | E5: -84 | F5: -226 | G5: 37 | H5: -147 | I5: 0 | J5: 0 | K5: =SQRT(C5^2+D5^2+E5^2)/Summary!$B$4 -> 0.90725967 | L5: =SQRT(F5^2+G5^2+H5^2)/Summary!$B$4 -> 1.0630025
A6: 2 | B6: =(A6-1)*Summary!$B$5 -> 0.05 | C6: -78 | D6: 202 | E6: -83 | F6: -225 | G6: 36 | H6: -147 | I6: 0 | J6: 0 | K6: =SQRT(C6^2+D6^2+E6^2)/Summary!$B$4 -> 0.90585424 | L6: =SQRT(F6^2+G6^2+H6^2)/Summary!$B$4 -> 1.059235
A7: 3 | B7: =(A7-1)*Summary!$B$5 -> 0.1 | C7: -78 | D7: 203 | E7: -84 | F7: -225 | G7: 36 | H7: -147 | I7: 0 | J7: 0 | K7: =SQRT(C7^2+D7^2+E7^2)/Summary!$B$4 -> 0.91065906 | L7: =SQRT(F7^2+G7^2+H7^2)/Summary!$B$4 -> 1.059235
A8: 4 | B8: =(A8-1)*Summary!$B$5 -> 0.15 | C8: -78 | D8: 203 | E8: -83 | F8: -224 | G8: 36 | H8: -148 | I8: 0 | J8: 0 | K8: =SQRT(C8^2+D8^2+E8^2)/Summary!$B$4 -> 0.90925888 | L8: =SQRT(F8^2+G8^2+H8^2)/Summary!$B$4 -> 1.0581252
A9: 5 | B9: =(A9-1)*Summary!$B$5 -> 0.2 | C9: -78 | D9: 203 | E9: -84 | F9: -225 | G9: 37 | H9: -147 | I9: 0 | J9: 0 | K9: =SQRT(C9^2+D9^2+E9^2)/Summary!$B$4 -> 0.91065906 | L9: =SQRT(F9^2+G9^2+H9^2)/Summary!$B$4 -> 1.0597607
A10: 6 | B10: =(A10-1)*Summary!$B$5 -> 0.25 | C10: -77 | D10: 202 | E10: -83 | F10: -224 | G10: 36 | H10: -149 | I10: 0 | J10: 0 | K10: =SQRT(C10^2+D10^2+E10^2)/Summary!$B$4 -> 0.90454784 | L10: =SQRT(F10^2+G10^2+H10^2)/Summary!$B$4 -> 1.0602645
A11: 7 | B11: =(A11-1)*Summary!$B$5 -> 0.3 | C11: -78 | D11: 203 | E11: -82 | F11: -224 | G11: 35 | H11: -149 | I11: 1 | J11: 0 | K11: =SQRT(C11^2+D11^2+E11^2)/Summary!$B$4 -> 0.90787334 | L11: =SQRT(F11^2+G11^2+H11^2)/Summary!$B$4 -> 1.0597535
A12: 8 | B12: =(A12-1)*Summary!$B$5 -> 0.35 | C12: -78 | D12: 203 | E12: -86 | F12: -225 | G12: 36 | H12: -148 | I12: 0 | J12: 0 | K12: =SQRT(C12^2+D12^2+E12^2)/Summary!$B$4 -> 0.9135031 | L12: =SQRT(F12^2+G12^2+H12^2)/Summary!$B$4 -> 1.0613577
A13: 9 | B13: =(A13-1)*Summary!$B$5 -> 0.4 | C13: -78 | D13: 203 | E13: -83 | F13: -226 | G13: 36 | H13: -147 | I13: 0 | J13: 0 | K13: =SQRT(C13^2+D13^2+E13^2)/Summary!$B$4 -> 0.90925888 | L13: =SQRT(F13^2+G13^2+H13^2)/Summary!$B$4 -> 1.0624785
A14: 10 | B14: =(A14-1)*Summary!$B$5 -> 0.45 | C14: -78 | D14: 203 | E14: -82 | F14: -226 | G14: 36 | H14: -147 | I14: 0 | J14: 0 | K14: =SQRT(C14^2+D14^2+E14^2)/Summary!$B$4 -> 0.90787334 | L14: =SQRT(F14^2+G14^2+H14^2)/Summary!$B$4 -> 1.0624785
A15: 11 | B15: =(A15-1)*Summary!$B$5 -> 0.5 | C15: -78 | D15: 202 | E15: -83 | F15: -226 | G15: 36 | H15: -147 | I15: 0 | J15: 0 | K15: =SQRT(C15^2+D15^2+E15^2)/Summary!$B$4 -> 0.90585424 | L15: =SQRT(F15^2+G15^2+H15^2)/Summary!$B$4 -> 1.0624785
A16: 12 | B16: =(A16-1)*Summary!$B$5 -> 0.55 | C16: -78 | D16: 202 | E16: -84 | F16: -224 | G16: 37 | H16: -148 | I16: 0 | J16: 0 | K16: =SQRT(C16^2+D16^2+E16^2)/Summary!$B$4 -> 0.90725967 | L16: =SQRT(F16^2+G16^2+H16^2)/Summary!$B$4 -> 1.0586514
... A32: 28 | B32: =(A32-1)*Summary!$B$5 -> 1.35 | C32: -79 | D32: 203 | E32: -84 | F32: -225 | G32: 36 | H32: -148 | I32: 0 | J32: 0 | K32: =SQRT(C32^2+D32^2+E32^2)/Summary!$B$4 -> 0.91197344 | L32: =SQRT(F32^2+G32^2+H32^2)/Summary!$B$4 -> 1.0613577
